https://www.youtube.com/watch?v=T5y2ybYvKqU,Family Guy Clip Scene 1
https://www.youtube.com/watch?v=t5OaIFzHnsQ,Family Guy Clip Scene 3
https://www.youtube.com/watch?v=EIOmEobNiK8,Family Guy Clip Scene 5
https://www.youtube.com/watch?v=QKKvlKyADno,Family Guy Clip Scene 7
https://www.youtube.com/watch?v=9lQUyucIpdY,Family Guy Clip Scene 9
https://www.youtube.com/watch?v=qubEUgal2sw,Family Guy Clip Scene 11
https://www.youtube.com/watch?v=iMYVwtt59fE,Family Guy Clip Scene 13
https://www.youtube.com/watch?v=WpSzeZRe5zE,Family Guy Clip Scene 15
https://www.youtube.com/watch?v=kKBi0Qjbnc4,Family Guy Clip Scene 17
https://www.youtube.com/watch?v=kKBi0Qjbnc4,Family Guy Clip Scene 18
https://www.youtube.com/watch?v=ZPt9zQyVGak,Family Guy Clip Scene 19
https://www.youtube.com/watch?v=ZPt9zQyVGak,Family Guy Clip Scene 20
https://www.youtube.com/watch?v=fWaFn-uh700,Family Guy Clip Scene 21
https://www.youtube.com/watch?v=fWaFn-uh700,Family Guy Clip Scene 22
https://www.youtube.com/watch?v=2tw8DsBLJnU,Family Guy Clip Scene 23
https://www.youtube.com/watch?v=2tw8DsBLJnU,Family Guy Clip Scene 24
https://www.youtube.com/watch?v=tAIc8NwPvO0,Family Guy Clip Scene 25
https://www.youtube.com/watch?v=tAIc8NwPvO0,Family Guy Clip Scene 26
https://www.youtube.com/watch?v=lgE6ovliJpQ,Family Guy Clip Scene 27
https://www.youtube.com/watch?v=lgE6ovliJpQ,Family Guy Clip Scene 28
https://www.youtube.com/watch?v=PhLLPCqjh-M,Family Guy Clip Scene 29
https://www.youtube.com/watch?v=PhLLPCqjh-M,Family Guy Clip Scene 30
https://www.youtube.com/watch?v=rJzqZUGjEUg,Family Guy Clip Scene 31
https://www.youtube.com/watch?v=rJzqZUGjEUg,Family Guy Clip Scene 32
https://www.youtube.com/watch?v=tRIB0dfFapw,Family Guy Clip Scene 33
https://www.youtube.com/watch?v=tRIB0dfFapw,Family Guy Clip Scene 34
https://www.youtube.com/watch?v=abrikawaPu8,Family Guy Clip Scene 35
https://www.youtube.com/watch?v=abrikawaPu8,Family Guy Clip Scene 36
https://www.youtube.com/watch?v=Z26PhsIzr_c,Family Guy Clip Scene 37
https://www.youtube.com/watch?v=Z26PhsIzr_c,Family Guy Clip Scene 38
https://www.youtube.com/watch?v=6g2y7AH8z3A,Family Guy Clip Scene 39
https://www.youtube.com/watch?v=6g2y7AH8z3A,Family Guy Clip Scene 40
https://www.youtube.com/watch?v=msDkOnvr3GA,Family Guy Clip Scene 41
https://www.youtube.com/watch?v=msDkOnvr3GA,Family Guy Clip Scene 42
https://www.youtube.com/watch?v=uHMDP7ANSp0,Family Guy Clip Scene 43
https://www.youtube.com/watch?v=uHMDP7ANSp0,Family Guy Clip Scene 44
https://www.youtube.com/watch?v=QeREdt5I1ZM,Family Guy Clip Scene 45
https://www.youtube.com/watch?v=QeREdt5I1ZM,Family Guy Clip Scene 46
https://www.youtube.com/watch?v=_KZPyGRT278,Family Guy Clip Scene 47
https://www.youtube.com/watch?v=_KZPyGRT278,Family Guy Clip Scene 48
https://www.youtube.com/watch?v=LG4K9u3p-1Y,Family Guy Clip Scene 49
https://www.youtube.com/watch?v=LG4K9u3p-1Y,Family Guy Clip Scene 50
https://www.youtube.com/watch?v=e4xXdIw2QbQ,Family Guy Clip Scene 51
https://www.youtube.com/watch?v=e4xXdIw2QbQ,Family Guy Clip Scene 52
https://www.youtube.com/watch?v=lFoVAn-XdC8,Family Guy Clip Scene 53
https://www.youtube.com/watch?v=lFoVAn-XdC8,Family Guy Clip Scene 54
https://www.youtube.com/watch?v=0zwcdb99M4o,Family Guy Clip Scene 55
https://www.youtube.com/watch?v=0zwcdb99M4o,Family Guy Clip Scene 56
